q1,q2,q3,q4,q5,q6,q7,q8,q9,q10,q11,q12,q13,q14
1,pbkdf2_sha256$320000$obzuOEAyivwBFLSStzFBtu$Rx9YyGtjjH3XjRsJ2iZch+w27EEpLtlyFGQu6Ld90WE=,36:34.4,0,hoque,0,1,24:52.9,rumi,rumi@gmail.com,male,0,Python Developer,manjurul
2,pbkdf2_sha256$150000$V0hPHyxF2v1c$z+qKfNFagDII1RVNYtmxe/FRLo+71ZkmPM9bIXHBwDU=,null,0,Cruz,0,1,22:32.2,97gxb,rlhrp@email.com,male,0,,Natalie
3,pbkdf2_sha256$150000$ZBAdpLMCI1FH$NbYKcjwWog3pNhDsDsdnOlcJ9s+51AVJWrxMY90I5Wk=,null,0,Garcia,0,1,22:32.4,3t105,9bm5m@email.com,male,0,,Donna
4,pbkdf2_sha256$150000$XoAwVXRcjhlh$jw8uGqsQfY8bovbi0pG/Zf/Uf2x6zZ/qIWxEldTVUsQ=,null,0,Ortiz,0,1,22:32.6,298h1,p35fx@email.com,male,0,,Joanne
5,pbkdf2_sha256$150000$CNn0JVb0XqUG$VNqjbRbQ/l003qM4Kc2k0Jb4JwXIBQonjskvZSpQcDA=,null,0,Reynolds,0,1,22:32.7,1a61c,e2u6n@email.com,male,0,,Kyle
6,pbkdf2_sha256$150000$9wLZxjEZpTJm$8nm5cXnjwmoq/IFHbo1CcoErDItxxlw1VTVjs9tPU2g=,null,0,Mccarthy,0,1,22:32.9,zl7se,qfz4c@email.com,male,0,,Lisa
7,pbkdf2_sha256$150000$Cs9sIjx9Hq9q$Ft0mQpaI+eHIL4UsXdVsg3Mxned8IOHC1I0BvBqt6oc=,null,0,Lawson,0,1,22:33.1,5putx,a54y4@email.com,female,0,,James
8,pbkdf2_sha256$320000$E82EXqv3LfZ76vFgMIayQa$K7fELSdX2xG16P4D3aU+09hBe0zXXxOgJgoWZj9Ngcs=,41:26.0,0,Myers,0,1,22:33.3,0efut,3yqj5@email.com,male,0,,Lisa
9,pbkdf2_sha256$320000$kW3tllMo2deKlQkv6wFfCa$8nXkpF9zL6NepdPXSot+/x0ZntdnjPeLtK3q5fsAZlM=,21:36.2,0,Harris,0,1,22:33.5,gf9if,vnopk@email.com,male,0,,Timothy
10,pbkdf2_sha256$150000$mKxCiOub02Xv$shsuQz1k51bLpcl9Nw83ppLOd0HSZxZzyVb/pPfajQU=,null,0,Avila,0,1,22:33.7,rs203,2fhiv@email.com,male,0,,Shannon
11,pbkdf2_sha256$150000$xuDnbAkoMzy4$2KgIjnQeLFGkhUBwLrJltpCNz5AQQ8SeM2qdpiHmf5Y=,null,0,Williams,0,1,22:33.8,ddnnw,205fe@email.com,male,0,,Peter
12,pbkdf2_sha256$150000$pNHHINihaiPS$WxAqRwPihyTQT8/L+tMXGz7+F3rLQHkL7xOIjObGM9o=,52:35.9,0,Cox,0,1,22:34.0,n2cyb,mztmz@email.com,female,0,,Robert
13,pbkdf2_sha256$260000$9Iou7motrvExcEbaPuw6wf$CnHZTPlqliW7syTyCG+eh/EcmkJBdTHemwH+eNolU70=,51:36.9,0,Carpenter,0,1,22:34.2,wgk2e,tk1au@email.com,male,0,,Eric
14,pbkdf2_sha256$320000$O1ab8M0a2BgQRLJWxzwGPX$8cqJjcYqFaSJ1J+im0ouqvV9WUTns8Oh1HZhBKyTqoo=,44:11.0,0,Garcia,0,1,22:34.4,9qpea,a7ydq@email.com,female,0,,Mark
15,pbkdf2_sha256$150000$iqecFpoxokdY$2uqOiJjQCwDlO2u8Lg1E/vwjEaduKw3XrF8WDmmdxAw=,04:21.3,0,Carson,0,1,22:34.6,t73v5,qjxv9@email.com,male,0,,Brittany
16,pbkdf2_sha256$150000$kfR3ZhrCN7a4$+XCLbHnIiDPX2haKAY/djmyVIHfvgm7SWj4dD+Cq5d4=,null,0,Walker,0,1,22:34.7,ozdl8,1ve5c@email.com,female,0,,Benjamin
17,pbkdf2_sha256$150000$up3fABNItJPx$RTpenI0aGeGkizMnH13zgroDi1Ko4ASiYLiexxE/soI=,null,0,Harrington,0,1,22:34.9,8u7r7,ghh3r@email.com,male,0,,Danny
18,pbkdf2_sha256$150000$KCkr574xwJrG$QHguvD+nxBJtTU9r50TFsWmIA8yEbqivQKu7RA6uwNc=,null,0,Wong,0,1,22:35.1,m5q2n,4ez0f@email.com,female,0,,Raymond
19,pbkdf2_sha256$150000$47Kx2Vv9BOmm$cQuXGkcbUfIpk8ebsKcMPXhcm0zfIqQWzlPNKeF2UhU=,null,0,Ramirez,0,1,22:35.3,yhdgw,plt9s@email.com,male,0,,Philip
20,pbkdf2_sha256$150000$hsTU6Y0lc8X6$HJKFJOiB4c+9t1iP89LQm4YQl94v4EKtTiWlmPdki4Q=,null,0,Wilkins,0,1,22:35.5,q2et4,b310j@email.com,male,0,,Raymond
21,pbkdf2_sha256$150000$BP7LvVNYfoMf$CWTDi4W07QYHo3D0+MFj2RvBS74LiJh7JWrFxm/Z7Gc=,null,0,Gray,0,1,22:35.7,fqm0w,o0mwk@email.com,female,0,,Roy
22,pbkdf2_sha256$150000$MgBYTbhEFj4V$WOzdp1dBxCYll4n1z/y5Fkc+7AZn5AJTn+VTHQswHMI=,null,0,Stout,0,1,22:35.8,7zgrf,dvbi5@email.com,male,0,,Heather
23,pbkdf2_sha256$150000$seS2U5bYuY1c$dtnAE5qBgFTbbG5prTP6B/7Bm99SUvP8SJT9SC6J4Xo=,null,0,Rogers,0,1,22:36.0,nnkbr,lzfqj@email.com,male,0,,Jose
24,pbkdf2_sha256$150000$4Qfh9mC4Z5E2$npNpFdeknqsbMX4dZJ5ZC7NGfW1fmh05rPnqAqvot34=,null,0,Williams,0,1,22:36.2,qk9t1,qj80w@email.com,female,0,,Richard
25,pbkdf2_sha256$150000$djXJ9aZenG1U$MZTGkCcZxV5YQUSUh1pLS9u67Bd+8dOSQJ/zwy5Maqg=,null,0,Sanchez,0,1,22:36.4,8hz7o,bfc0f@email.com,male,0,,Bryan
26,pbkdf2_sha256$150000$BRzwFvDFYieJ$8YI4R3zQdPyrg4wiuHMOWfhsr6/H84UWA/tcrDFNc4U=,null,0,Bryant,0,1,22:36.6,6c95d,ezypt@email.com,female,0,,Sarah
27,pbkdf2_sha256$150000$E7NGfa0rkO0f$NBj3Eq7X/wY0Pj4kZoBRcwuwt5QFIDXtiw85+G0//WY=,null,0,Evans,0,1,22:36.7,ue5y1,wstcv@email.com,male,0,,Brittany
28,pbkdf2_sha256$150000$UaNi5zE3MmIS$wNTrJbwhYZC1BTIEAJ8yeL45TwEm1dw0EXE8dGI0EXE=,null,0,Young,0,1,22:36.9,dubws,6p2hv@email.com,female,0,,Carlos
29,pbkdf2_sha256$150000$geC4TrP5Lyqi$ZZMm8q060tjq+b1uPyIDCa/qjTap8bgY6IxI2C/pDAU=,null,0,Hanson,0,1,22:37.1,2ibvn,zie8e@email.com,male,0,,Antonio
30,pbkdf2_sha256$150000$Xa9DhUeUTZvv$6OFe09PQPJ1vEWvqINePn7ag0Cu3W8spNfsbNOuMC6Q=,null,0,Campbell,0,1,22:37.3,5djr7,4qsl0@email.com,female,0,,Shawna
31,pbkdf2_sha256$150000$jQ0poRj7kuuM$2E+CXucXQbuC4NNZ2sqNnBnFGl1xEu6dmkrhPVDpPi0=,null,0,Mccall,0,1,22:37.5,jfnuv,3x3uv@email.com,female,0,,Chris
32,pbkdf2_sha256$150000$IROJPnBs8tdw$sEWYUp90vCFT6VNMv9ToweIM6Kd97saZBgfP6pwFT90=,null,0,Martin,0,1,22:37.7,stucj,w3oz7@email.com,female,0,,David
33,pbkdf2_sha256$150000$GRQaHipLpain$A3TXnc0Wt9EX2mje2aJdHSTSnR8z2F+2qe6IaUovVPg=,null,0,Berg,0,1,22:37.8,rvlbk,iboi6@email.com,female,0,,Kayla
34,pbkdf2_sha256$150000$QKECFCHdVEsb$xjN1V8eEts6uV0hM6yAjFAqR5xxrTzSlNesOs6lWPBg=,null,0,Patton,0,1,22:38.0,q8c6q,3bj08@email.com,male,0,,William
35,pbkdf2_sha256$150000$V2cRat6AqO42$yZtJHsds4zOTRxgnUw0B650x3sLhr5IKhRPr7aJcG/s=,null,0,Smith,0,1,22:38.2,k964w,ry8l5@email.com,female,0,,James
36,pbkdf2_sha256$150000$hXwHLE4iarJe$bGAGT9+JtMC4bsYMNCUcVrbMBXmX4lkCexg0D3UwDOc=,null,0,Cameron,0,1,22:38.4,os5y0,n15eq@email.com,male,0,,Chelsea
37,pbkdf2_sha256$150000$cVy26SfIYCk0$fj7F5E1e7ACXrByN6H/vIeMQG7eSivk8tQj/m09cSvQ=,null,0,Washington,0,1,22:38.6,wxlwo,azs87@email.com,female,0,,Bradley
38,pbkdf2_sha256$150000$ot30ePACA6wF$bMHP6nELnJREvxlEeHEhniZNYQVQy+qIki/aFIXb8N8=,null,0,Allen,0,1,22:38.8,wbvv0,899cy@email.com,male,0,,Justin
39,pbkdf2_sha256$150000$crYJF9YN7t9N$7yj2+Hi84qo8bJVe3PYgatsLdb8OPUFs21Xk8liPDio=,null,0,Walker,0,1,22:38.9,305vi,mdryr@email.com,female,0,,Brandy
40,pbkdf2_sha256$150000$WmftxL8DPlRW$K9Q+nvHYYhWtJIaKUvhzpTUeDD8HcxqQHva4lU2w6Og=,null,0,White,0,1,22:39.1,7rbsj,mo8ja@email.com,male,0,,Elizabeth
41,pbkdf2_sha256$150000$9boc4AdDFEIn$DTR1gm4ARQtFdhBkOMGWjGTVXGUElE7zxi+bnLRiNfY=,null,0,Estes,0,1,22:39.3,2kj59,b4yjj@email.com,male,0,,Linda
42,pbkdf2_sha256$150000$c7ZzU2hGcWz8$CCZWKxEqw01NQIuf8Ov3u4zY9lMvVFjnfrlLsHVX1Fg=,null,0,Edwards,0,1,22:39.5,yfvcv,znano@email.com,female,0,,Joseph
43,pbkdf2_sha256$150000$9xKbpOkc3yBB$1CHITcBb6mpBg0lbaL7Mcu+3RI7phcjJcwnRlkwh8iY=,null,0,Peters,0,1,22:39.7,dadkv,q51dc@email.com,male,0,,Thomas
44,pbkdf2_sha256$150000$0mnyOQoYERX1$3vkkI3t8rAwpGbp4RXI0DzUMOOkG/KqLcpJHu5PWdM4=,null,0,Jones,0,1,22:39.9,yuv0a,3m3uy@email.com,female,0,,Mary
45,pbkdf2_sha256$150000$m4F8G4sCAESG$4zCuusctFJjVcCVIZVmaYpKylQTgjGAEoN8yiZiTlxY=,null,0,Smith,0,1,22:40.0,q962k,qiq54@email.com,male,0,,Kevin
46,pbkdf2_sha256$150000$AsWrAXHOAI73$m6heQ/Zuo9XvEilbevGrWOX9IxOqJcnkyEbCQoGSt5U=,null,0,Smith,0,1,22:40.2,34d6y,ott4b@email.com,female,0,,Michelle
47,pbkdf2_sha256$150000$QDPaKo55GlAn$bGI+KxRmuyqyeDYX7yRkaRjwFDI2QX2ZddIuaz+QY94=,null,0,Johnson,0,1,22:40.4,g9ej3,36j7m@email.com,male,0,,Todd
48,pbkdf2_sha256$150000$eFsPXeJbMLNn$VHkI8iQUF4d/jegQtIthDQM1c39ZDKf6kYM5WE8t2gA=,null,0,Rodriguez,0,1,22:40.6,3njcb,gkn1t@email.com,male,0,,Jose
49,pbkdf2_sha256$150000$rQ99cZZiuR83$VF03M0t4Spr68AJSF15FwXAMOESeYHrSi8aHNqfh/pk=,null,0,Freeman,0,1,22:40.8,lrwtr,952z5@email.com,female,0,,Frank
50,pbkdf2_sha256$150000$nzJJ1i8E2Sdb$mmwNlfT75BYs+DmBF5KOIpQUXpDdCuyeNJqDPYYEGtU=,null,0,Byrd,0,1,22:41.0,uf175,24msa@email.com,male,0,,Megan
51,pbkdf2_sha256$150000$xGHH5FyqIphz$yamvbPtR0+uG5A9aema+eGgfe/6F12xkYfGFix0k7Ss=,null,0,Hopkins,0,1,22:41.1,pz6hk,8wbbj@email.com,male,0,,Thomas
52,pbkdf2_sha256$150000$tbQfBjfxTxj5$GC0FqBrw1j85rkHFIfdQZLmnd753yKEkyMprt5ivwhs=,null,0,Landry,0,1,22:41.3,ob8vf,4n9gu@email.com,female,0,,John
53,pbkdf2_sha256$150000$HfaCxQZDB9CS$bhzxda5li2f5WhQ3V2IGuhjCSKR9uwvwhHEOIVspwbw=,null,0,Higgins,0,1,22:41.5,ieb03,vyqdf@email.com,male,0,,Nicholas
54,pbkdf2_sha256$150000$JTzEOtkHJuDO$aee8yVw6dY0qjIofWQE2GBwJ04TI2UT3/+azKA9g/CI=,null,0,Kelley,0,1,22:41.7,tbscv,cnubg@email.com,female,0,,Stephanie
55,pbkdf2_sha256$150000$GRIdH6N5zlbj$MJCef6N4aru7x4cOeQq4on5Jri6k1JL5MScrMyNMf9w=,null,0,Roberts,0,1,22:41.9,xca6v,fis5h@email.com,male,0,,Roger
56,pbkdf2_sha256$150000$9hD1s0BMiQlj$n0fhjlxmrqvgPFjw9BvarOjitbzg8Su/dFLXeXUE7dE=,null,0,Garcia,0,1,22:42.0,n3u55,sjjkv@email.com,male,0,,Brian
57,pbkdf2_sha256$150000$KAW8uQiNW9aL$8HITBrIldc5JEELiDTPjO7G/hsWWAMDyCAjR1dNlirk=,null,0,Frey,0,1,22:42.2,lb826,rlte8@email.com,female,0,,Wayne
58,pbkdf2_sha256$150000$Lb0Paz5GEYCe$7WEdBPr12fMQses4Dh97Z5NXmlfiT00bkFJkJeRsJXk=,null,0,Jensen,0,1,22:42.4,lsv66,j2dc9@email.com,male,0,,Isaiah
59,pbkdf2_sha256$150000$b4JLPkWSGotK$B+lCo5YnMHYIkWFfYK7QOvMGiF7cdMp7OlyeN3CzAzk=,null,0,Steele,0,1,22:42.6,gsi21,2nzfr@email.com,female,0,,Jonathan
60,pbkdf2_sha256$150000$6TXp1FcIRieT$odWRCwV0aVupdT9UCtTHVhhcRVwqA6ZttyOwMGR/EUg=,null,0,Sims,0,1,22:42.8,0k5xd,dbfux@email.com,male,0,,Nathaniel
61,pbkdf2_sha256$150000$CjhClVuNmGmm$xq5HH/DBU/EInSxRB80I8qXJn4rYC36QdTGotY5q7Nk=,null,0,Crane,0,1,22:43.0,tj8yh,lt6ef@email.com,male,0,,Brandy
62,pbkdf2_sha256$150000$l2pRBLsN3aiF$7QB+RQjriLKdWp7DKw+pmv4JMjmGLGivGFw1DW2ICpU=,null,0,Cooley,0,1,22:43.1,9fh5r,fir8i@email.com,female,0,,Jeffrey
63,pbkdf2_sha256$150000$0nqZpC5m8paD$vrYzNMX3aW/qu+RQkQc7AhQVweVJ+DN8jRpryyzkb7c=,null,0,Bennett,0,1,22:43.3,uwb4x,gfj8a@email.com,male,0,,Alex
64,pbkdf2_sha256$150000$XOzeSIkpdHta$gkOAdM7uAMtKKjeuG9LJAHZbVo6ubvfcp8PIM0CmFeY=,null,0,Williams,0,1,22:43.5,d4yfw,i5giu@email.com,female,0,,Kyle
65,pbkdf2_sha256$150000$IaX7ymCSbN94$TILZU1Bu+koUBUKP8/zknSNZt/KfPfkAA1/Lq46sa8U=,null,0,Davis,0,1,22:43.7,z62nw,qcljc@email.com,male,0,,Kerry
66,pbkdf2_sha256$150000$HZX6rHPSYlpk$fBBc0/3GqdlRv9OsCaStz9WGRItNQ7jjKYybpxMZbFM=,null,0,Ayala,0,1,22:43.9,q52x5,0uxif@email.com,female,0,,Juan
67,pbkdf2_sha256$150000$JerLUiGcgKvm$VvKPcYIoP63pdC0moea8uBG7UbFWMbrTO6fspXUmQoc=,null,0,Jefferson,0,1,22:44.0,cnir9,8yxe2@email.com,male,0,,Kyle
68,pbkdf2_sha256$320000$TDtJMmrOnlrcDYLVuSSvAL$jku0dLh9niRlTqo1rADiEasuKFrlzrfe8dusOK3Cmqo=,15:20.0,0,Duffy,0,1,22:44.2,nceej,uc668@email.com,male,0,,Jamie
69,pbkdf2_sha256$150000$2pRi2uoVdrQ7$FC1yjRNWH/E4a5781kQoZ3KkvtkdpZW9hQCBD1iXyQg=,null,0,Simmons,0,1,22:44.4,hs9pp,xb0cm@email.com,female,0,,Shane
70,pbkdf2_sha256$150000$rN8QDCVlkYpJ$FmOZMVKf8gxR9Ifc2c8c0UcztMaKkC12Lw7ixLW4hWI=,null,0,Beltran,0,1,22:44.6,lr15n,jmhv1@email.com,male,0,,Christopher
71,pbkdf2_sha256$150000$RUoEwok3lBnO$YDhd3QRmP2ag3AYrtjNNjjNjK1fP/fL9HpQ7UQjkOtU=,null,0,Lee,0,1,22:44.8,7jyyy,8idll@email.com,male,0,,Debra
72,pbkdf2_sha256$150000$zRSip1JNPxFO$s1DpZqE/19P/qyC+zSggVTGDncdPybB5axixJzC1EEk=,null,0,Armstrong,0,1,22:45.0,9oeo6,cnktg@email.com,female,0,,Douglas
73,pbkdf2_sha256$320000$iLnJRixUassDCjfyUAH5h1$zferFYRFoXTgFWENCZZjTHmAIHolixfY8/NFfhhk1AE=,16:53.9,0,Fields,0,1,22:45.1,wsvz0,ipqbr@email.com,male,0,,Drew
74,pbkdf2_sha256$150000$M0KBKAhI3pm4$Xic0IOOe0tJhI8EFl3C3i5knwlUaXTx4723x+HH9hw0=,null,0,Thomas,0,1,22:45.3,18few,j497l@email.com,female,0,,Ronald
75,pbkdf2_sha256$150000$SqiAZlDr4ZAt$EMAinKmmORhuG6KEaJgKjkYUMl46fs6xsWWwGzvotVs=,null,0,Gallagher,0,1,22:45.5,0lt7i,kef3m@email.com,male,0,,Michael
76,pbkdf2_sha256$150000$cGw9Sb0dcweV$mBG32ls5TWroWm+i6htNMinq3cNIuk0uzYIV7nhlAXU=,null,0,Brooks,0,1,22:45.7,0zqt5,wshky@email.com,female,0,,Tiffany
77,pbkdf2_sha256$150000$pC2OgVuDLgBL$l3aLv+hH1xTohUJ7wk/ssIgL05WQcpQMJuBvwhewpDI=,null,0,Weaver,0,1,22:45.9,hiou7,uquu0@email.com,male,0,,Charles
78,pbkdf2_sha256$150000$ShutdE1VHDtC$LdIBODHegglynzUZmVnv7HNqbrsWExS+n4W4f9C/SeE=,null,0,Chung,0,1,22:46.1,x0ax3,87abm@email.com,male,0,,Christine
79,pbkdf2_sha256$150000$tccMk36UYBNw$eucg9x7p3iSJa+QF+LmozthyfWHwvRfQ6qzFD9l+SHo=,null,0,Wheeler,0,1,22:46.2,5z742,esgpq@email.com,female,0,,Chad
80,pbkdf2_sha256$150000$aF1PeqKxyMvk$w3sA7R1ovvRRzUdfLgudZwJ9rlzRWAg8bndzFgUgo6I=,null,0,Moody,0,1,22:46.4,nujea,bxzt0@email.com,male,0,,Vicki
81,pbkdf2_sha256$150000$98dKGLzjJqFU$SAlqEM11DjHVhJj+frsH5buOvKVyYmkYd5rYBj59CaQ=,null,0,Stephens,0,1,22:46.6,khi39,x1h6x@email.com,male,0,,Peter
82,pbkdf2_sha256$150000$sNIG8gpxxOqF$jW2FUikAJu49JusKiPOCN9NgLSunsnF1ghVwV0TaPP8=,null,0,Horton,0,1,22:46.8,9c56j,u4kkk@email.com,female,0,,Robert
83,pbkdf2_sha256$150000$oNnE5DWct36y$HyxOAJY0p9jPwpByiGMzzkbJpkEpZ/qZI667F5GDbec=,null,0,Soto,0,1,22:47.0,wa25y,ixh55@email.com,male,0,,Michelle
84,pbkdf2_sha256$150000$HjlzMLKylUN8$s/ZzNtSR+nYBLZRt2s9UCzWZRPA49x+wUztAtmK3Er8=,null,0,Ellis,0,1,22:47.2,6uq36,lerhe@email.com,male,0,,Melissa
85,pbkdf2_sha256$150000$StH2c5S2TdvO$WTsdK0WAw5P9GNmNXR/oSNJSRCo8jrGUBZuXuLJphi8=,null,0,Cole,0,1,22:47.3,vzc2w,sxnpa@email.com,male,0,,Anthony
86,pbkdf2_sha256$150000$0oqitkVOJb4v$q0TqKwba6hYBJCAXZ7MDplry99b2CrSLsmh286RxrLg=,null,0,Nelson,0,1,22:47.5,upsm4,9xa5b@email.com,female,0,,Kyle
87,pbkdf2_sha256$150000$ICgRXkDNFHCx$Yf4UwaN47IdP3jRn+ovBN5xbmwu6R6oIQrpbdXcwlD8=,null,0,Norris,0,1,22:47.7,7b47h,j14bf@email.com,male,0,,Erica
88,pbkdf2_sha256$150000$mCKJWe81Hx6C$5uVsgpPd1/j+eKldf6tCdAaNAo2Y1dV9CgMfhr+jnu4=,null,0,Baker,0,1,22:47.9,vv9fb,4kj89@email.com,female,0,,Tony
89,pbkdf2_sha256$150000$uCgEJEeHrFP3$KHoHZEBLfdrsL1tvDEI/HxcCuKhWfiKYqRIIJKkvC7Y=,null,0,Owens,0,1,22:48.1,eum66,8uihc@email.com,male,0,,Jessica
90,pbkdf2_sha256$150000$8fLCNnTVl9Bc$boCKHToAG9KSAP5wvy/hQIerWuxJ/kg+Ra4NMDvjPco=,null,0,Thompson,0,1,22:48.3,h72gt,baukf@email.com,female,0,,Roy
91,pbkdf2_sha256$150000$Odf4a51bNKMU$JSflNT8jKYV2oSbrON2e8SdNh3A7I87zZuU9Fy25JnE=,null,0,Garcia,0,1,22:48.4,herur,asg31@email.com,male,0,,Jason
92,pbkdf2_sha256$150000$SeIGm2vFSmGk$+FjEBtx6rX+WoJATWdjRaPFkJ18nMa1LwRTJYR4TF74=,null,0,Larsen,0,1,22:48.6,qaemr,v970q@email.com,male,0,,Cheryl
93,pbkdf2_sha256$150000$hb66e6tu2d19$C+nev174WWVw+bei2o6cJT2c/nV4+9/5GQ9DAKaYJm8=,null,0,Marquez,0,1,22:48.8,j074j,46x44@email.com,female,0,,Tammy
94,pbkdf2_sha256$150000$DGKllV9uB0fX$NAUZ2cPjg+PRg2YQuOo/DO75wBKz2dzArNA+ZQKKuNA=,null,0,Garcia,0,1,22:49.0,knvc6,0sxoa@email.com,male,0,,Michael
95,pbkdf2_sha256$150000$vTgLsYtAgsk9$15SsdqwZjwu/+KxXeLsp9Diq3RmpqUCMd+n3qK1sbXE=,null,0,White,0,1,22:49.2,e0lod,g9cmi@email.com,male,0,,Megan
96,pbkdf2_sha256$320000$fijiWSFBjayeWDjAO4yAU4$L7EOL8C1Tgi8z2Ow93krif/l1R/61C2tnd4Pd0M8fFY=,13:19.0,0,Gonzalez,0,1,22:49.4,i55z1,sylp7@email.com,male,0,,Stephanie
97,pbkdf2_sha256$150000$fW1uMUq1EQmp$XT6/FVs/X5365K/i3kZOU23VYnLOm7HaydHhjY4WFJk=,null,0,Smith,0,1,22:49.6,akv8g,urbk2@email.com,female,0,,Lisa
98,pbkdf2_sha256$320000$2OG2Mo5z6j6k7Pu6IHsWij$IaHNr0SXM5l2mNAxRfEXkSk7P6rFOK7xUFdHYdzn7gY=,11:01.9,0,Ochoa,0,1,22:49.7,a3n1d,v7viq@email.com,male,0,,James
99,pbkdf2_sha256$150000$ivdNoWN1DD9I$67GSWst5JINf4iwyS5GbuzzE6ePXDMqg3yR2c5Ia0aU=,null,0,Gallagher,0,1,22:49.9,wz2a9,jhy1j@email.com,male,0,,Andrew
100,pbkdf2_sha256$150000$qwhgSnsFoKqN$+kVKDKR12ihNS+zgTvbpU+rYyCd5OxNp4PwKFdSKEPc=,null,0,Johnson,0,1,22:50.1,wyyht,5q2rs@email.com,male,0,,Jeffrey
101,pbkdf2_sha256$150000$NSz2q0SEHjVy$MemFDkBLDooG+NU0ldn6M1MB5O0ETmtmlSQSQwaxbf8=,null,0,Whitehead,0,1,22:50.3,7tki3,dlaao@email.com,female,0,,Benjamin
102,pbkdf2_sha256$320000$ZhA0h5Sfbjq9mRdiEgxTcZ$exnnl173aKRta8Pq9bAWDK4Dpouz8EODPzqz8fbq3ik=,31:19.4,0,Horton,0,1,30:11.1,john,john@gmail.com,Male,0,,Ashley
103,pbkdf2_sha256$320000$9Giv7iTJKkTVLuRtCHv2eQ$HwbhbhUXAWin9Rez2esp5eHuzG7uUnMa3xQJ2zDMBI8=,52:07.9,0,,0,1,51:55.9,user,user@mail.com,Male,0,,
104,pbkdf2_sha256$320000$ZtagD8XYWZuOFRT4oImf8z$Ax3TcrQF58cPbM4mNyn4MyaGxjFJZR00pLeR6xuTTkg=,44:17.8,0,,0,1,44:03.4,Senpai,sarthakcr007@gmail.com,Male,0,,
105,pbkdf2_sha256$320000$XU4QcgbDvXYVSggvmO525k$4r1LTCWjst8xzCWV1lW8D5wRiLfFhSFq/o/1fOFjDhk=,32:37.8,1,,1,1,10:56.9,satvik27,satvik@gmail.com,male,0,,
106,pbkdf2_sha256$320000$l1ykv0MTgkvpoRkMIiqfXt$q9rk9gt2a27qhRCUL+VWGxYYnevOjOmJXqJM/HZmdmE=,06:53.1,0,Sangepu,0,1,12:39.5,pradeep,pradeep@email.com,male,0,skdfn sadf sd f,Venkata Pradeep
107,pbkdf2_sha256$320000$iSgJgZr7NtEOeCA21Riv1L$IKpOZDEa95szs9THl9FWHg6CxbiP4rbFkJwyZI1G/Go=,16:20.3,0,sharma,0,1,09:41.2,satvik2,satvik1@test.com,female,0,i am noob,satvik
